filename,permissions,activities,services
com.codelv.inventory_6.apk,"['com.codelv.inventory.DYNAMIC_RECEIVER_NOT_EXPORTED_PERMISSION', 'android.permission.CAMERA', 'android.permission.INTERNET']","['com.codelv.inventory.MainActivity', 'com.journeyapps.barcodescanner.CaptureActivity']",['androidx.room.MultiInstanceInvalidationService']
com.jakewharton.sdksearch_1040100.apk,"['android.permission.ACCESS_NETWORK_STATE', 'android.permission.INTERNET']",['com.jakewharton.sdksearch.ui.MainActivity'],[]
org.echoline.drawterm_2.apk,"['android.permission.ACCESS_FINE_LOCATION', 'android.permission.CAMERA', 'android.permission.ACCESS_COARSE_LOCATION', 'android.permission.READ_EXTERNAL_STORAGE', 'android.permission.INTERNET', 'android.permission.WRITE_EXTERNAL_STORAGE']",['org.echoline.drawterm..MainActivity'],[]
org.woheller69.browser_1000.apk,"['android.permission.MANAGE_EXTERNAL_STORAGE', 'android.permission.ACCESS_FINE_LOCATION', 'android.permission.RECORD_VIDEO', 'android.permission.MODIFY_AUDIO_SETTINGS', 'android.permission.CAMERA', 'android.permission.ACCESS_COARSE_LOCATION', 'android.permission.ACCESS_NETWORK_STATE', 'android.permission.READ_EXTERNAL_STORAGE', 'android.permission.INTERNET', 'android.permission.RECORD_AUDIO', 'org.woheller69.browser.DYNAMIC_RECEIVER_NOT_EXPORTED_PERMISSION', 'android.permission.WRITE_EXTERNAL_STORAGE']","['de.baumann.browser.activity.BrowserActivity', 'de.baumann.browser.activity.Settings_Activity', 'de.baumann.browser.activity.Whitelist_Javascript', 'de.baumann.browser.activity.Whitelist_Cookie', 'de.baumann.browser.activity.Whitelist_DOM', 'de.baumann.browser.activity.Manage_UserScripts', 'de.baumann.browser.activity.Settings_Delete', 'de.baumann.browser.activity.Settings_StartActivity', 'de.baumann.browser.activity.Settings_Backup', 'de.baumann.browser.activity.Settings_UI', 'de.baumann.browser.activity.Settings_Filter']",[]
click.dummer.textthing_216.apk,"['android.permission.WAKE_LOCK', 'android.permission.WRITE_EXTERNAL_STORAGE', 'android.permission.READ_EXTERNAL_STORAGE']",['click.dummer.textthing.MainActivity'],['click.dummer.textthing.WidgetUpdateService']
io.github.wh201906.serialpipe_2.apk,"['android.permission.FOREGROUND_SERVICE', 'android.permission.INTERNET']","['io.github.wh201906.serialpipe.MainActivity', 'io.github.wh201906.serialpipe.AboutActivity']",['io.github.wh201906.serialpipe.IOService']
de.markusfisch.android.shadereditor_78.apk,"['android.permission.CAMERA', 'android.permission.WRITE_EXTERNAL_STORAGE', 'de.markusfisch.android.shadereditor.DYNAMIC_RECEIVER_NOT_EXPORTED_PERMISSION', 'android.permission.READ_EXTERNAL_STORAGE']","['de.markusfisch.android.shadereditor.activity.SplashActivity', 'de.markusfisch.android.shadereditor.activity.MainActivity', 'de.markusfisch.android.shadereditor.activity.PreviewActivity', 'de.markusfisch.android.shadereditor.activity.PreferencesActivity', 'de.markusfisch.android.shadereditor.activity.AddUniformActivity', 'de.markusfisch.android.shadereditor.activity.LoadSampleActivity', 'de.markusfisch.android.shadereditor.activity.TextureViewActivity', 'de.markusfisch.android.shadereditor.activity.CropImageActivity', 'de.markusfisch.android.shadereditor.activity.CubeMapActivity']",['de.markusfisch.android.shadereditor.service.ShaderWallpaperService']
org.cosmicide_23.apk,"['android.permission.MANAGE_EXTERNAL_STORAGE', 'android.permission.WRITE_SECURE_SETTINGS', 'android.permission.WRITE_SETTINGS', 'org.cosmicide.DYNAMIC_RECEIVER_NOT_EXPORTED_PERMISSION', 'moe.shizuku.manager.permission.API_V23', 'android.permission.QUERY_ALL_PACKAGES', 'android.permission.ACCESS_WIFI_STATE', 'android.permission.ACCESS_NETWORK_STATE', 'android.permission.READ_EXTERNAL_STORAGE', 'android.permission.INTERNET', 'android.permission.WRITE_EXTERNAL_STORAGE']","['org.cosmicide.MainActivity', 'com.haroldadmin.whatthestack.WhatTheStackActivity', 'androidx.compose.ui.tooling.PreviewActivity']",['com.haroldadmin.whatthestack.WhatTheStackService']
org.godotengine.editor.v4_402024003.apk,"['android.permission.MANAGE_EXTERNAL_STORAGE', 'android.permission.VIBRATE', 'android.permission.RECORD_AUDIO', 'android.permission.READ_EXTERNAL_STORAGE', 'android.permission.INTERNET', 'android.permission.WRITE_EXTERNAL_STORAGE']","['org.godotengine.editor.GodotProjectManager', 'org.godotengine.editor.GodotEditor', 'org.godotengine.editor.GodotGame', 'org.godotengine.godot.utils.ProcessPhoenix']",['org.godotengine.godot.GodotDownloaderService']
com.github.ttl.manager_13.apk,[],['com.github.ttl.manager.MainActivity'],[]
com.catalin.css_px_converter_1.apk,[],['com.catalin.css_px_converter.MainActivity'],[]
com.ruesga.rview_69.apk,"['com.ruesga.rview.permissions.PRIVATE_ACCESS', 'android.permission.ACCESS_NETWORK_STATE', 'android.permission.READ_EXTERNAL_STORAGE', 'android.permission.INTERNET', 'android.permission.WRITE_EXTERNAL_STORAGE']","['com.ruesga.rview.MainActivity', 'com.ruesga.rview.ChangeDetailsActivity', 'com.ruesga.rview.UrlHandlerProxyActivity', 'com.ruesga.rview.TabFragmentActivity', 'com.ruesga.rview.DiffViewerActivity', 'com.ruesga.rview.ChangeListByFilterActivity', 'com.ruesga.rview.EditorActivity', 'com.ruesga.rview.SearchActivity', 'com.ruesga.rview.NotificationsActivity', 'com.ruesga.rview.AccountSettingsActivity', 'com.ruesga.rview.wizards.SetupAccountActivity', 'com.ruesga.rview.wizards.AuthorizationAccountSetupActivity', 'com.mikepenz.aboutlibraries.ui.LibsActivity']","['com.ruesga.rview.services.AccountStatusFetcherService', 'com.ruesga.rview.attachments.services.AttachmentsContentUploadService']"
com.fredhappyface.brainf_20230828.apk,['com.fredhappyface.brainf.DYNAMIC_RECEIVER_NOT_EXPORTED_PERMISSION'],"['com.fredhappyface.brainf.ActivityAbout', 'com.fredhappyface.brainf.ActivityMain']",[]
de.syss.MifareClassicTool_64.apk,"['android.permission.NFC', 'de.syss.MifareClassicTool.DYNAMIC_RECEIVER_NOT_EXPORTED_PERMISSION']","['de.syss.MifareClassicTool.Activities.MainMenu', 'de.syss.MifareClassicTool.Activities.KeyMapCreator', 'de.syss.MifareClassicTool.Activities.DumpEditor', 'de.syss.MifareClassicTool.Activities.FileChooser', 'de.syss.MifareClassicTool.Activities.AccessConditionDecoder', 'de.syss.MifareClassicTool.Activities.ValueBlocksToInt', 'de.syss.MifareClassicTool.Activities.WriteTag', 'de.syss.MifareClassicTool.Activities.ReadTag', 'de.syss.MifareClassicTool.Activities.KeyEditor', 'de.syss.MifareClassicTool.Activities.HelpAndInfo', 'de.syss.MifareClassicTool.Activities.HexToAscii', 'de.syss.MifareClassicTool.Activities.TagInfoTool', 'de.syss.MifareClassicTool.Activities.ValueBlockTool', 'de.syss.MifareClassicTool.Activities.AccessConditionTool', 'de.syss.MifareClassicTool.Activities.Preferences', 'de.syss.MifareClassicTool.Activities.DiffTool', 'de.syss.MifareClassicTool.Activities.BccTool', 'de.syss.MifareClassicTool.Activities.CloneUidTool', 'de.syss.MifareClassicTool.Activities.ImportExportTool', 'de.syss.MifareClassicTool.Activities.UidLogTool', 'de.syss.MifareClassicTool.Activities.DataConversionTool']",[]
com.trianguloy.numericriddlegenerator_7.apk,['android.permission.WRITE_EXTERNAL_STORAGE'],['com.trianguloy.numericriddlegenerator.Riddle'],[]
com.gh4a_73.apk,"['android.permission.WAKE_LOCK', 'android.permission.RECEIVE_BOOT_COMPLETED', 'android.permission.ACCESS_NETWORK_STATE', 'android.permission.INTERNET', 'android.permission.WRITE_EXTERNAL_STORAGE', 'android.permission.FOREGROUND_SERVICE']","['com.gh4a.activities.Github4AndroidActivity', 'com.gh4a.activities.BlogActivity', 'com.gh4a.activities.BlogListActivity', 'com.gh4a.activities.BookmarkListActivity', 'com.gh4a.activities.CollaboratorListActivity', 'com.gh4a.activities.CommitActivity', 'com.gh4a.activities.CommitDiffViewerActivity', 'com.gh4a.activities.CommitHistoryActivity', 'com.gh4a.activities.CompareActivity', 'com.gh4a.activities.ContributorListActivity', 'com.gh4a.activities.EditCommitCommentActivity', 'com.gh4a.activities.EditIssueCommentActivity', 'com.gh4a.activities.EditPullRequestCommentActivity', 'com.gh4a.activities.EditDiffCommentActivity', 'com.gh4a.activities.EditPullRequestDiffCommentActivity', 'com.gh4a.activities.FileViewerActivity', 'com.gh4a.activities.CreateReviewActivity', 'com.gh4a.activities.ForkListActivity', 'com.gh4a.activities.FollowerFollowingListActivity', 'com.gh4a.activities.GistActivity', 'com.gh4a.activities.GistListActivity', 'com.gh4a.activities.GistViewerActivity', 'com.gh4a.activities.IssueActivity', 'com.gh4a.activities.IssueEditActivity', 'com.gh4a.activities.IssueLabelListActivity', 'com.gh4a.activities.IssueListActivity', 'com.gh4a.activities.IssueMilestoneEditActivity', 'com.gh4a.activities.IssueMilestoneListActivity', 'com.gh4a.activities.OrganizationMemberListActivity', 'com.gh4a.activities.PullRequestActivity', 'com.gh4a.activities.PullRequestDiffViewerActivity', 'com.gh4a.activities.ReleaseInfoActivity', 'com.gh4a.activities.ReleaseListActivity', 'com.gh4a.activities.RepositoryActivity', 'com.gh4a.activities.RepositoryListActivity', 'com.gh4a.activities.SearchActivity', 'com.gh4a.activities.StargazerListActivity', 'com.gh4a.activities.TimelineActivity', 'com.gh4a.activities.TrendingActivity', 'com.gh4a.activities.UserActivity', 'com.gh4a.activities.WatcherListActivity', 'com.gh4a.activities.WikiActivity', 'com.gh4a.activities.WikiListActivity', 'com.gh4a.activities.home.HomeActivity', 'com.gh4a.activities.ReviewActivity', 'com.gh4a.activities.SettingsActivity', 'com.gh4a.resolver.BrowseFilter']","['com.gh4a.worker.NotificationHandlingService', 'androidx.work.impl.background.systemalarm.SystemAlarmService', 'androidx.work.impl.background.systemjob.SystemJobService', 'androidx.work.impl.foreground.SystemForegroundService', 'androidx.room.MultiInstanceInvalidationService']"
com.nesbox.tic_10100.apk,"['android.permission.BLUETOOTH_CONNECT', 'android.permission.VIBRATE', 'android.permission.INTERNET', 'android.permission.WRITE_EXTERNAL_STORAGE', 'android.permission.BLUETOOTH']","['com.nesbox.tic.TIC', 'com.nesbox.tic.TICFileReceiver']",[]
io.neurolab_1.apk,"['android.permission.BLUETOOTH_ADMIN', 'android.permission.ACCESS_FINE_LOCATION', 'android.permission.READ_EXTERNAL_STORAGE', 'android.permission.INTERNET', 'android.permission.WRITE_EXTERNAL_STORAGE', 'android.permission.BLUETOOTH']","['io.neurolab.activities.PinLayoutActivity', 'io.neurolab.activities.MeditationListActivity', 'io.neurolab.activities.MeditationHome', 'io.neurolab.activities.FocusParentActivity', 'io.neurolab.activities.TestModeActivity', 'io.neurolab.activities.ProgramModeActivity', 'io.neurolab.activities.AboutUsActivity', 'io.neurolab.main.NeuroLab', 'io.neurolab.activities.SettingsActivity', 'io.neurolab.activities.OnBoardingActivity', 'io.neurolab.activities.MeditationActivity', 'io.neurolab.activities.MemoryGraphParent', 'io.neurolab.communication.bluetooth.BluetoothTestActivity', 'io.neurolab.activities.DataLoggerActivity', 'io.neurolab.activities.DeviceInstructionsActivity']",[]
tk.hack5.treblecheck_5001001.apk,['tk.hack5.treblecheck.DYNAMIC_RECEIVER_NOT_EXPORTED_PERMISSION'],['tk.hack5.treblecheck.ui.MainActivity'],[]
de.sensebox.blockly_10102.apk,"['android.permission.CHANGE_NETWORK_STATE', 'android.permission.ACCESS_FINE_LOCATION', 'android.permission.CHANGE_WIFI_STATE', 'android.permission.ACCESS_WIFI_STATE', 'android.permission.ACCESS_NETWORK_STATE', 'android.permission.INTERNET']",['de.sensebox.blockly.MainActivity'],[]
org.billthefarmer.crossword_124.apk,['android.permission.INTERNET'],"['org.billthefarmer.crossword.Main', 'org.billthefarmer.crossword.SearchActivity', 'org.billthefarmer.crossword.Anagram', 'org.billthefarmer.crossword.HelpActivity']",[]
com.releasestandard.scriptmanager_5.apk,"['android.permission.WAKE_LOCK', 'android.permission.RECEIVE_BOOT_COMPLETED', 'android.permission.ACCESS_NETWORK_STATE', 'android.permission.INTERNET', 'android.permission.RECEIVE_SMS', 'android.permission.WRITE_EXTERNAL_STORAGE', 'android.permission.FOREGROUND_SERVICE']",['com.releasestandard.scriptmanager.MainActivity'],"['androidx.work.impl.background.systemalarm.SystemAlarmService', 'androidx.work.impl.background.systemjob.SystemJobService', 'androidx.work.impl.foreground.SystemForegroundService', 'androidx.room.MultiInstanceInvalidationService']"
priv.wh201906.serialtest_32.apk,"['android.permission.BLUETOOTH_ADMIN', 'android.permission.BLUETOOTH_SCAN', 'android.permission.BLUETOOTH_CONNECT', 'android.permission.ACCESS_FINE_LOCATION', 'android.permission.BLUETOOTH_ADVERTISE', 'android.permission.ACCESS_COARSE_LOCATION', 'android.permission.ACCESS_NETWORK_STATE', 'android.permission.INTERNET', 'android.permission.WRITE_EXTERNAL_STORAGE', 'android.permission.BLUETOOTH']",['priv.wh201906.serialtest.MainActivity'],[]
io.muetsch.anchrandroid_33.apk,"['android.permission.WRITE_EXTERNAL_STORAGE', 'android.permission.READ_EXTERNAL_STORAGE', 'android.permission.INTERNET']","['io.muetsch.anchrandroid.MainActivity', 'io.flutter.plugins.urllauncher.WebViewActivity']",[]
me.johnmh.boogdroid_15.apk,['android.permission.INTERNET'],"['me.johnmh.boogdroid.ui.ActivityServer', 'me.johnmh.boogdroid.ui.ActivityServerManager', 'me.johnmh.boogdroid.ui.ActivityRegister']",[]
org.gnu.emacs_300050023.apk,"['android.permission.SEND_SMS', 'android.permission.WRITE_SMS', 'android.permission.RECORD_AUDIO', 'android.permission.READ_CONTACTS', 'android.permission.POST_NOTIFICATIONS', 'android.permission.READ_SMS', 'android.permission.WRITE_EXTERNAL_STORAGE', 'android.permission.REQUEST_DELETE_PACKAGES', 'android.permission.WRITE_CONTACTS', 'android.permission.NFC', 'android.permission.READ_PHONE_STATE', 'android.permission.SET_WALLPAPER', 'android.permission.RECEIVE_MMS', 'android.permission.VIBRATE', 'android.permission.CAMERA', 'android.permission.WRITE_CALENDAR', 'android.permission.WAKE_LOCK', 'android.permission.SYSTEM_ALERT_WINDOW', 'android.permission.ACCESS_COARSE_LOCATION', 'android.permission.ACCESS_NETWORK_STATE', 'android.permission.INTERNET', 'android.permission.RECEIVE_SMS', 'android.permission.REQUEST_INSTALL_PACKAGES', 'android.permission.MANAGE_EXTERNAL_STORAGE', 'android.permission.READ_CALENDAR', 'android.permission.TRANSMIT_IR', 'android.permission.READ_EXTERNAL_STORAGE', 'android.permission.FOREGROUND_SERVICE']","['org.gnu.emacs.EmacsActivity', 'org.gnu.emacs.EmacsOpenActivity', 'org.gnu.emacs.EmacsMultitaskActivity', 'org.gnu.emacs..EmacsPreferencesActivity', 'org.gnu.emacs..EmacsLauncherPreferencesActivity']",['org.gnu.emacs.EmacsService']
com.sweak.qralarm_22.apk,"['android.permission.WRITE_EXTERNAL_STORAGE', 'android.permission.RECEIVE_BOOT_COMPLETED', 'android.permission.USE_FULL_SCREEN_INTENT', 'android.permission.VIBRATE', 'android.permission.USE_EXACT_ALARM', 'com.sweak.qralarm.DYNAMIC_RECEIVER_NOT_EXPORTED_PERMISSION', 'android.permission.CAMERA', 'android.permission.BROADCAST_CLOSE_SYSTEM_DIALOGS', 'android.permission.SCHEDULE_EXACT_ALARM', 'android.permission.POST_NOTIFICATIONS', 'android.permission.FOREGROUND_SERVICE_MEDIA_PLAYBACK', 'android.permission.FOREGROUND_SERVICE']",['com.sweak.qralarm.MainActivity'],['com.sweak.qralarm.alarm.QRAlarmService']
com.blacksquircle.ui_10022.apk,"['android.permission.WAKE_LOCK', 'android.permission.RECEIVE_BOOT_COMPLETED', 'android.permission.MANAGE_EXTERNAL_STORAGE', 'com.blacksquircle.ui.DYNAMIC_RECEIVER_NOT_EXPORTED_PERMISSION', 'android.permission.ACCESS_NETWORK_STATE', 'android.permission.READ_EXTERNAL_STORAGE', 'android.permission.INTERNET', 'android.permission.POST_NOTIFICATIONS', 'android.permission.WRITE_EXTERNAL_STORAGE', 'android.permission.FOREGROUND_SERVICE']",['com.blacksquircle.ui.application.activity.MainActivity'],"['androidx.work.impl.foreground.SystemForegroundService', 'androidx.work.impl.background.systemalarm.SystemAlarmService', 'androidx.work.impl.background.systemjob.SystemJobService', 'androidx.room.MultiInstanceInvalidationService']"
nodom.darkfm.inventoryguimobile_2.apk,['android.permission.WRITE_EXTERNAL_STORAGE'],['nodom.darkfm.inventoryguimobile.MainScreen'],[]
com.fastaccess.github.libre_467.apk,"['android.permission.RECEIVE_BOOT_COMPLETED', 'android.permission.ACCESS_NETWORK_STATE', 'android.permission.READ_EXTERNAL_STORAGE', 'android.permission.INTERNET', 'android.permission.WRITE_EXTERNAL_STORAGE']","['com.fastaccess.ui.modules.main.MainActivity', 'com.fastaccess.ui.modules.login.LoginActivity', 'com.fastaccess.ui.modules.login.chooser.LoginChooserActivity', 'com.fastaccess.ui.modules.user.UserPagerActivity', 'com.fastaccess.ui.modules.repos.RepoPagerActivity', 'com.fastaccess.ui.modules.repos.issues.issue.details.IssuePagerActivity', 'com.fastaccess.ui.modules.repos.issues.create.CreateIssueActivity', 'com.fastaccess.ui.modules.repos.pull_requests.pull_request.details.PullRequestPagerActivity', 'com.fastaccess.ui.modules.repos.code.commit.details.CommitPagerActivity', 'com.fastaccess.ui.modules.code.CodeViewerActivity', 'com.fastaccess.ui.modules.editor.EditorActivity', 'com.fastaccess.ui.modules.gists.create.CreateGistActivity', 'com.fastaccess.ui.modules.gists.gist.GistActivity', 'com.fastaccess.ui.modules.search.SearchActivity', 'com.fastaccess.ui.modules.notification.NotificationActivity', 'com.fastaccess.ui.modules.about.FastHubAboutActivity', 'com.fastaccess.ui.modules.pinned.PinnedReposActivity', 'com.fastaccess.ui.modules.gists.GistsListActivity', 'com.fastaccess.ui.modules.profile.org.teams.details.TeamPagerActivity', 'com.fastaccess.ui.modules.repos.code.files.activity.RepoFilesActivity', 'com.fastaccess.ui.modules.filter.issues.FilterIssuesActivity', 'com.fastaccess.ui.modules.main.donation.DonationActivity', 'com.fastaccess.ui.modules.repos.code.commit.viewer.FullCommitFileActivity', 'com.fastaccess.ui.modules.search.repos.files.SearchFileActivity', 'com.fastaccess.ui.modules.settings.SettingsActivity', 'com.fastaccess.ui.modules.settings.category.SettingsCategoryActivity', 'com.fastaccess.ui.modules.repos.code.releases.ReleasesListActivity', 'com.fastaccess.ui.modules.trending.TrendingActivity', 'com.fastaccess.ui.modules.theme.ThemeActivity', 'com.fastaccess.ui.modules.theme.code.ThemeCodeActivity', 'com.fastaccess.ui.modules.repos.wiki.WikiActivity', 'com.fastaccess.ui.modules.main.premium.PremiumActivity', 'com.fastaccess.ui.modules.repos.git.EditRepoFileActivity', 'com.fastaccess.ui.modules.repos.code.commit.history.FileCommitHistoryActivity', 'com.fastaccess.ui.modules.repos.projects.details.ProjectPagerActivity', 'com.fastaccess.ui.modules.profile.org.project.OrgProjectActivity', 'com.fastaccess.ui.modules.main.playstore.PlayStoreWarningActivity', 'com.fastaccess.ui.modules.repos.pull_requests.pull_request.details.files.fullscreen.FullScreenFileChangeActivity', 'com.fastaccess.ui.modules.search.SearchUserActivity', 'com.fastaccess.ui.modules.parser.LinksParserActivity', 'com.mikepenz.aboutlibraries.ui.LibsActivity']","['com.fastaccess.provider.tasks.notification.NotificationSchedulerJobTask', 'com.fastaccess.provider.tasks.notification.ReadNotificationService', 'com.fastaccess.provider.tasks.git.GithubActionService', 'com.fastaccess.provider.tasks.git.ReactionService', 'com.fastaccess.provider.tasks.version.CheckVersionService']"
com.rascarlo.arch.packages_5.apk,['android.permission.INTERNET'],['com.rascarlo.arch.packages.MainActivity'],['androidx.room.MultiInstanceInvalidationService']
io.github.randomfilemaker_10.apk,[],"['io.github.randomfilemaker.LicenseActivity', 'io.github.randomfilemaker.MainActivity', 'com.jaredrummler.cyanea.prefs.CyaneaThemePickerActivity', 'com.jaredrummler.cyanea.prefs.CyaneaSettingsActivity']",[]
com.github.sryze.wirebug_10100.apk,"['android.permission.WAKE_LOCK', 'android.permission.ACCESS_WIFI_STATE', 'android.permission.RECEIVE_BOOT_COMPLETED', 'android.permission.ACCESS_NETWORK_STATE']","['com.github.sryze.wirebug.MainActivity', 'com.github.sryze.wirebug.SettingsActivity']",['com.github.sryze.wirebug.DebugStatusService']
juloo.keyboard2_36.apk,"['android.permission.RECEIVE_BOOT_COMPLETED', 'android.permission.VIBRATE']","['juloo.keyboard2.SettingsActivity', 'juloo.keyboard2.LauncherActivity']",['juloo.keyboard2.Keyboard2']
com.trianguloy.adnihilation_3.apk,[],['com.trianguloy.adnihilation.MainActivity'],[]
uk.co.ashtonbrsc.android.intentintercept_224.apk,[],"['uk.co.ashtonbrsc.intentexplode.Explode', 'uk.co.ashtonbrsc.intentexplode.StartupActivity', 'uk.co.ashtonbrsc.intentexplode.Pre15SettingsActivity', 'uk.co.ashtonbrsc.intentexplode.SettingsActivity']",[]
de.eidottermihi.raspicheck_57.apk,"['android.permission.WAKE_LOCK', 'android.permission.WRITE_EXTERNAL_STORAGE', 'android.permission.ACCESS_NETWORK_STATE', 'android.permission.INTERNET']","['de.eidottermihi.rpicheck.activity.MainActivity', 'de.eidottermihi.rpicheck.activity.SettingsActivity', 'de.eidottermihi.rpicheck.activity.NewRaspiActivity', 'de.eidottermihi.rpicheck.activity.NewRaspiAuthActivity', 'de.eidottermihi.rpicheck.activity.EditRaspiActivity', 'de.eidottermihi.rpicheck.activity.CustomCommandActivity', 'de.eidottermihi.rpicheck.activity.NewCommandActivity', 'de.eidottermihi.rpicheck.activity.helper.RaspiFilePickerActivity', 'de.eidottermihi.rpicheck.widget.OverclockingWidgetConfigureActivity']",['de.eidottermihi.rpicheck.widget.WidgetUpdateService']
net.bluetoothviewer_8.apk,"['android.permission.BLUETOOTH_ADMIN', 'android.permission.BLUETOOTH']","['net.bluetoothviewer.BluetoothViewer', 'net.bluetoothviewer.DeviceListActivity', 'net.bluetoothviewer.SettingsActivity']",[]
com.bmco.cratesiounofficial_12.apk,"['android.permission.RECEIVE_BOOT_COMPLETED', 'android.permission.VIBRATE', 'android.permission.INTERNET']","['com.bmco.cratesiounofficial.activities.MainActivity', 'com.bmco.cratesiounofficial.activities.CrateActivity', 'com.bmco.cratesiounofficial.activities.SubscribedActivity', 'com.bmco.cratesiounofficial.activities.LoginActivity', 'com.bmco.cratesiounofficial.activities.DashboardActivity']",['com.bmco.cratesiounofficial.CrateNotifier']
com.enrico.filemanager_5.apk,[],['com.enrico.filemanager.MainActivity'],[]
dev.yashgarg.qbit_17.apk,"['android.permission.WAKE_LOCK', 'android.permission.RECEIVE_BOOT_COMPLETED', 'android.permission.READ_PHONE_STATE', 'android.permission.ACCESS_NETWORK_STATE', 'android.permission.READ_EXTERNAL_STORAGE', 'android.permission.INTERNET', 'dev.yashgarg.qbit.DYNAMIC_RECEIVER_NOT_EXPORTED_PERMISSION', 'android.permission.POST_NOTIFICATIONS', 'android.permission.WRITE_EXTERNAL_STORAGE', 'android.permission.FOREGROUND_SERVICE']","['dev.yashgarg.qbit.MainActivity', 'com.haroldadmin.whatthestack.WhatTheStackActivity', 'androidx.compose.ui.tooling.PreviewActivity']","['com.haroldadmin.whatthestack.WhatTheStackService', 'androidx.work.impl.background.systemalarm.SystemAlarmService', 'androidx.work.impl.background.systemjob.SystemJobService', 'androidx.work.impl.foreground.SystemForegroundService', 'androidx.room.MultiInstanceInvalidationService']"
ooo.akito.webmon_14.apk,"['android.permission.WAKE_LOCK', 'android.permission.RECEIVE_BOOT_COMPLETED', 'android.permission.VIBRATE', 'android.permission.QUERY_ALL_PACKAGES', 'android.permission.ACCESS_NETWORK_STATE', 'android.permission.READ_EXTERNAL_STORAGE', 'android.permission.INTERNET', 'android.permission.FOREGROUND_SERVICE']","['ooo.akito.webmon.ui.debug.ActivityDebug', 'ooo.akito.webmon.ui.splash.SplashActivity', 'ooo.akito.webmon.ui.home.MainActivity', 'ooo.akito.webmon.ui.createentry.CreateEntryActivity', 'ooo.akito.webmon.ui.settings.SettingsActivity']","['ooo.akito.webmon.utils.AppService', 'androidx.work.impl.background.systemalarm.SystemAlarmService', 'androidx.work.impl.background.systemjob.SystemJobService', 'androidx.work.impl.foreground.SystemForegroundService', 'androidx.room.MultiInstanceInvalidationService']"
com.madlonkay.orgro_76.apk,"['com.madlonkay.orgro.DYNAMIC_RECEIVER_NOT_EXPORTED_PERMISSION', 'android.permission.INTERNET']","['com.madlonkay.orgro.MainActivity', 'io.flutter.plugins.urllauncher.WebViewActivity']",[]
com.bytehamster.changelog_49.apk,['android.permission.INTERNET'],"['com.bytehamster.changelog.Main', 'com.bytehamster.changelog.Preferences']",[]
io.github.ismywebsiteup_11.apk,"['android.permission.WAKE_LOCK', 'android.permission.REQUEST_IGNORE_BATTERY_OPTIMIZATIONS', 'android.permission.RECEIVE_BOOT_COMPLETED', 'android.permission.ACCESS_NETWORK_STATE', 'android.permission.INTERNET']","['io.github.ismywebsiteup.WelcomeActivity', 'io.github.ismywebsiteup.ResultActivity', 'io.github.ismywebsiteup.LicenseActivity', 'io.github.ismywebsiteup.ScheduleActivity', 'io.github.ismywebsiteup.MainActivity', 'com.jaredrummler.cyanea.prefs.CyaneaThemePickerActivity', 'com.jaredrummler.cyanea.prefs.CyaneaSettingsActivity']","['io.github.ismywebsiteup.Scheduler', 'io.github.ismywebsiteup.MainService', 'androidx.room.MultiInstanceInvalidationService']"
im.nfc.nfsee_203013.apk,['android.permission.NFC'],"['im.nfc.nfsee.MainActivity', 'io.flutter.plugins.urllauncher.WebViewActivity']",[]
org.godotengine.editor.v3_306002003.apk,"['android.permission.WRITE_EXTERNAL_STORAGE', 'android.permission.MANAGE_EXTERNAL_STORAGE', 'android.permission.READ_EXTERNAL_STORAGE', 'android.permission.INTERNET']","['org.godotengine.editor.GodotProjectManager', 'org.godotengine.editor.GodotEditor', 'org.godotengine.editor.GodotGame', 'org.godotengine.godot.utils.ProcessPhoenix']",['org.godotengine.godot.GodotDownloaderService']
tech.ula_7438725.apk,"['android.permission.WAKE_LOCK', 'android.permission.VIBRATE', 'android.permission.CHANGE_WIFI_STATE', 'android.permission.ACCESS_NETWORK_STATE', 'android.permission.READ_EXTERNAL_STORAGE', 'android.permission.INTERNET', 'com.android.vending.BILLING', 'android.permission.WRITE_EXTERNAL_STORAGE', 'android.permission.FOREGROUND_SERVICE']","['tech.ula.MainActivity', 'com.termux.app.TermuxActivity']","['tech.ula.ServerService', 'com.termux.app.TermuxService', 'androidx.room.MultiInstanceInvalidationService']"
org.dyndns.sven_ola.debian_kit_6.apk,['android.permission.INTERNET'],"['org.dyndns.sven_ola.debian_kit.DebianKitActivity', 'org.dyndns.sven_ola.debian_kit..ReadmeActivity', 'org.dyndns.sven_ola.debian_kit..DownloadActivity']",[]
in.andres.kandroid_19.apk,"['android.permission.WRITE_EXTERNAL_STORAGE', 'android.permission.READ_LOGS', 'android.permission.READ_EXTERNAL_STORAGE', 'android.permission.INTERNET']","['in.andres.kandroid.ui.MainActivity', 'in.andres.kandroid.ui.LoginActivity', 'in.andres.kandroid.ui.AboutActivity', 'in.andres.kandroid.ui.SettingsActivity', 'in.andres.kandroid.ui.TaskDetailActivity', 'in.andres.kandroid.ui.TaskEditActivity', 'org.acra.dialog.CrashReportDialog']","['in.andres.kandroid.DownloadIntentService', 'org.acra.sender.SenderService']"
ru.sash0k.bluetooth_terminal_4.apk,"['android.permission.BLUETOOTH', 'android.permission.BLUETOOTH_CONNECT']","['ru.sash0k.bluetooth_terminal.activity.DeviceControlActivity', 'ru.sash0k.bluetooth_terminal.activity.SettingsActivity', 'ru.sash0k.bluetooth_terminal.bluetooth.DeviceListActivity']",[]
com.cleveroad.sample_1.apk,"['android.permission.RECORD_AUDIO', 'android.permission.MODIFY_AUDIO_SETTINGS', 'android.permission.READ_EXTERNAL_STORAGE']","['com.cleveroad.sample.MusicListActivity', 'com.cleveroad.sample.MainActivity']",[]
fr.ralala.hexviewer_150.apk,"['android.permission.WRITE_EXTERNAL_STORAGE', 'android.permission.READ_EXTERNAL_STORAGE']","['fr.ralala.hexviewer.ui.activities.MainActivity', 'fr.ralala.hexviewer.ui.activities.LineUpdateActivity', 'fr.ralala.hexviewer.ui.activities.RecentlyOpenActivity', 'fr.ralala.hexviewer.ui.activities.PartialOpenActivity', 'fr.ralala.hexviewer.ui.activities.settings.SettingsActivity', 'fr.ralala.hexviewer.ui.activities.settings.SettingsListsPortraitActivity', 'fr.ralala.hexviewer.ui.activities.settings.SettingsListsLandscapeActivity', 'fr.ralala.hexviewer.ui.activities.LogsActivity']",[]
com.adonai.manman_177.apk,"['android.permission.READ_EXTERNAL_STORAGE', 'android.permission.INTERNET']","['com.adonai.manman.MainPagerActivity', 'com.adonai.manman.PreferencesActivity']",[]
com.termux.nix_188033.apk,"['android.permission.WAKE_LOCK', 'android.permission.REQUEST_IGNORE_BATTERY_OPTIMIZATIONS', 'android.permission.READ_LOGS', 'android.permission.MANAGE_EXTERNAL_STORAGE', 'android.permission.SYSTEM_ALERT_WINDOW', 'android.permission.RECEIVE_BOOT_COMPLETED', 'android.permission.DUMP', 'android.permission.WRITE_SECURE_SETTINGS', 'android.permission.VIBRATE', 'android.permission.ACCESS_NETWORK_STATE', 'android.permission.READ_EXTERNAL_STORAGE', 'android.permission.INTERNET', 'android.permission.PACKAGE_USAGE_STATS', 'android.permission.REQUEST_INSTALL_PACKAGES', 'android.permission.WRITE_EXTERNAL_STORAGE', 'android.permission.FOREGROUND_SERVICE']","['com.termux.app.TermuxActivity', 'com.termux.app.activities.HelpActivity', 'com.termux.app.activities.SettingsActivity', 'com.termux.shared.activities.ReportActivity', 'com.termux.app.api.file.FileReceiverActivity']","['com.termux.app.TermuxService', 'com.termux.app.RunCommandService']"
com.manichord.mgit_240.apk,"['android.permission.MANAGE_EXTERNAL_STORAGE', 'android.permission.WRITE_EXTERNAL_STORAGE', 'android.permission.ACCESS_NETWORK_STATE', 'android.permission.INTERNET']","['com.manichord.mgit.repolist.RepoListActivity', 'me.sheimi.sgit.activities.RepoDetailActivity', 'me.sheimi.sgit.activities.ViewFileActivity', 'me.sheimi.sgit.activities.BranchChooserActivity', 'me.sheimi.sgit.activities.CommitDiffActivity', 'me.sheimi.sgit.activities.explorer.ImportRepositoryActivity', 'me.sheimi.sgit.activities.explorer.PrivateKeyManageActivity', 'me.sheimi.sgit.activities.explorer.ExploreFileActivity', 'me.sheimi.sgit.activities.UserSettingsActivity', 'me.sheimi.sgit.activities.explorer.ExploreRootDirActivity', 'org.acra.dialog.CrashReportDialog']","['org.acra.sender.LegacySenderService', 'org.acra.sender.JobSenderService']"
de.csicar.ning_201.apk,"['android.permission.ACCESS_FINE_LOCATION', 'android.permission.ACCESS_WIFI_STATE', 'android.permission.ACCESS_COARSE_LOCATION', 'android.permission.ACCESS_NETWORK_STATE', 'android.permission.INTERNET']",['de.csicar.ning.MainActivity'],['androidx.room.MultiInstanceInvalidationService']
ws.xsoh.etar_38.apk,"['android.permission.WAKE_LOCK', 'android.permission.REQUEST_IGNORE_BATTERY_OPTIMIZATIONS', 'android.permission.READ_SYNC_SETTINGS', 'android.permission.GET_ACCOUNTS', 'android.permission.WRITE_CALENDAR', 'android.permission.READ_CALENDAR', 'android.permission.FOREGROUND_SERVICE_SYSTEM_EXEMPTED', 'android.permission.VIBRATE', 'ws.xsoh.etar.DYNAMIC_RECEIVER_NOT_EXPORTED_PERMISSION', 'android.permission.READ_CONTACTS', 'android.permission.SCHEDULE_EXACT_ALARM', 'android.permission.POST_NOTIFICATIONS', 'android.permission.WRITE_EXTERNAL_STORAGE', 'android.permission.FOREGROUND_SERVICE']","['com.android.calendar.AllInOneActivity', 'com.android.calendar.AboutActivity', 'com.android.calendar.EventInfoActivity', 'com.android.calendar.event.EditEventActivity', 'com.android.calendar.GoogleCalendarUriIntentFilter', 'com.android.calendar.settings.SettingsActivity', 'com.android.calendar.SearchActivity', 'com.android.calendar.ImportActivity', 'com.android.calendar.alerts.AlertActivity', 'com.android.calendar.alerts.QuickResponseActivity', 'com.android.calendar.alerts.SnoozeDelayActivity']","['com.android.calendar.alerts.AlertService', 'com.android.calendar.alerts.DismissAlarmsService', 'com.android.calendar.alerts.SnoozeAlarmsService', 'com.android.calendar.widget.CalendarAppWidgetService', 'com.android.calendar.AsyncQueryServiceHelper']"
net.sourceforge.x11basic_165.apk,"['android.permission.ACCESS_FINE_LOCATION', 'android.permission.WRITE_EXTERNAL_STORAGE', 'android.permission.INTERNET', 'android.permission.ACCESS_COARSE_LOCATION']","['net.sourceforge.x11basic.X11BasicActivity', 'net.sourceforge.x11basic.AboutActivity', 'net.sourceforge.x11basic.PreferencesActivity', 'net.sourceforge.x11basic.CrashHandler']",[]
com.asdoi.quicktiles_14.apk,"['android.permission.ACCESS_NOTIFICATION_POLICY', 'android.permission.DUMP', 'android.permission.WRITE_SECURE_SETTINGS', 'android.permission.WRITE_SETTINGS', 'android.permission.QUERY_ALL_PACKAGES', 'android.permission.ACCESS_WIFI_STATE', 'com.android.alarm.permission.SET_ALARM']","['com.asdoi.quicksettings.SettingsActivity', 'com.mikepenz.aboutlibraries.ui.LibsActivity']","['com.asdoi.quicksettings.utils.CustomAccessibilityService', 'com.asdoi.quicksettings.intent_tiles.PlayPauseTileService', 'com.asdoi.quicksettings.intent_tiles.NextSongTileService', 'com.asdoi.quicksettings.intent_tiles.PreviousSongTileService', 'com.asdoi.quicksettings.tiles.MediaVolumeTileService', 'com.asdoi.quicksettings.tiles.GrayscaleTileService', 'com.asdoi.quicksettings.tiles.AdaptiveBrightnessTileService', 'com.asdoi.quicksettings.tiles.UsbDebuggingTileService', 'com.asdoi.quicksettings.tiles.WirelessUsbDebuggingTileService', 'com.asdoi.quicksettings.tiles.FinishActivitiesTileService', 'com.asdoi.quicksettings.tiles.KeepScreenOnTileService', 'com.asdoi.quicksettings.tiles.DemoModeTileService', 'com.asdoi.quicksettings.tiles.AnimatorDurationTileService', 'com.asdoi.quicksettings.tiles.ShowTapsTileService', 'com.asdoi.quicksettings.tiles.ToggleAnimationTileService', 'com.asdoi.quicksettings.intent_tiles.NewAlarmTileService', 'com.asdoi.quicksettings.intent_tiles.NewTimerTileService', 'com.asdoi.quicksettings.intent_tiles.TakePhotoTileService', 'com.asdoi.quicksettings.intent_tiles.RecordVideoTileService', 'com.asdoi.quicksettings.intent_tiles.OpenCalculatorTileService', 'com.asdoi.quicksettings.intent_tiles.OpenVolumePanelTileService', 'com.asdoi.quicksettings.tiles.BrightnessTileService', 'com.asdoi.quicksettings.intent_tiles.OpenFilesTileService', 'com.asdoi.quicksettings.intent_tiles.BatteryTileService', 'com.asdoi.quicksettings.intent_tiles.OpenVpnTileService', 'com.asdoi.quicksettings.intent_tiles.OpenDataUsageTileService', 'com.asdoi.quicksettings.intent_tiles.OpenAboutPhoneTileService', 'com.asdoi.quicksettings.intent_tiles.OpenConnectedDevicesTileService', 'com.asdoi.quicksettings.intent_tiles.OpenNotificationLogTileService', 'com.asdoi.quicksettings.intent_tiles.OpenSettingsSearchTileService', 'com.asdoi.quicksettings.intent_tiles.NewCalendarEventTileService', 'com.asdoi.quicksettings.intent_tiles.MakeCallTileService', 'com.asdoi.quicksettings.tiles.CounterTileService', 'com.asdoi.quicksettings.tiles.ScreenTimeoutTileService', 'com.asdoi.quicksettings.tiles.VibrateCallsTileService', 'com.asdoi.quicksettings.tiles.DoNotDisturbSwitchTileService', 'com.asdoi.quicksettings.tiles.RotationSwitchTileService', 'com.asdoi.quicksettings.tiles.FixRotationTileService', 'com.asdoi.quicksettings.intent_tiles.OpenCastTileService', 'com.asdoi.quicksettings.intent_tiles.OpenDeveloperOptionsTileService', 'com.asdoi.quicksettings.intent_tiles.OpenLocaleTileService', 'com.asdoi.quicksettings.intent_tiles.OpenAppOneTileService', 'com.asdoi.quicksettings.intent_tiles.OpenAppTwoTileService', 'com.asdoi.quicksettings.intent_tiles.OpenAppThreeTileService', 'com.asdoi.quicksettings.intent_tiles.OpenAppFourTileService', 'com.asdoi.quicksettings.intent_tiles.OpenAppFiveTileService', 'com.asdoi.quicksettings.tiles.SilenceLoudSwitchTileService', 'com.asdoi.quicksettings.intent_tiles.OpenDisplayTileService', 'com.asdoi.quicksettings.intent_tiles.OpenHomeTileService', 'com.asdoi.quicksettings.intent_tiles.OpenPrivacyTileService', 'com.asdoi.quicksettings.intent_tiles.OpenUserDictionaryTileService', 'com.asdoi.quicksettings.accessibility_tiles.PowerDialogTileService', 'com.asdoi.quicksettings.accessibility_tiles.ScreenshotTileService', 'com.asdoi.quicksettings.accessibility_tiles.LockScreenTileService', 'com.asdoi.quicksettings.accessibility_tiles.ToggleSplitScreenTileService', 'com.asdoi.quicksettings.tiles.HeadsUpTileService']"
exa.lnx.a_650.apk,"['android.permission.WAKE_LOCK', 'android.permission.RECEIVE_BOOT_COMPLETED', 'android.permission.ACCESS_NETWORK_STATE', 'android.permission.FOREGROUND_SERVICE']",['exa.lnx.a.MainUI'],"['androidx.work.impl.background.systemalarm.SystemAlarmService', 'androidx.work.impl.background.systemjob.SystemJobService', 'androidx.work.impl.foreground.SystemForegroundService', 'androidx.room.MultiInstanceInvalidationService']"
com.biotstoiq.cryptix_23.apk,[],"['com.biotstoiq.cryptix.SettingsActivity', 'com.biotstoiq.cryptix.ShowResultActivity', 'com.biotstoiq.cryptix.MainActivity']",[]
com.foxdebug.acode_323.apk,"['android.permission.WRITE_EXTERNAL_STORAGE', 'android.permission.VIBRATE', 'android.permission.WRITE_MEDIA_STORAGE', 'android.permission.INTERNET']",['com.foxdebug.acode.MainActivity'],[]
io.github.hasheazy_10.apk,[],"['io.github.hasheazy.LicenseActivity', 'io.github.hasheazy.MainActivity', 'com.jaredrummler.cyanea.prefs.CyaneaThemePickerActivity', 'com.jaredrummler.cyanea.prefs.CyaneaSettingsActivity']",['androidx.room.MultiInstanceInvalidationService']
com.jbirdvegas.mgerrit_2111084.apk,"['android.permission.ACCESS_NETWORK_STATE', 'android.permission.INTERNET']","['com.jbirdvegas.mgerrit.activities.GerritControllerActivity', 'com.jbirdvegas.mgerrit.activities.PatchSetViewerActivity', 'com.jbirdvegas.mgerrit.activities.PrefsActivity', 'com.jbirdvegas.mgerrit.activities.ProjectsList', 'com.jbirdvegas.mgerrit.activities.DiffViewer', 'com.jbirdvegas.mgerrit.activities.GerritSwitcher', 'com.jbirdvegas.mgerrit.activities.SigninActivity', 'com.jbirdvegas.mgerrit.activities.ReviewActivity', 'com.jbirdvegas.mgerrit.activities.RefineSearchActivity']",['com.jbirdvegas.mgerrit.tasks.GerritService']
marto.rtl_tcp_andro_30.apk,"['android.permission.WAKE_LOCK', 'android.permission.FOREGROUND_SERVICE', 'android.permission.INTERNET']","['com.sdrtouch.rtlsdr.DeviceOpenActivity', 'com.sdrtouch.rtlsdr.UsbDelegate', 'com.sdrtouch.rtlsdr.StreamActivity']",['com.sdrtouch.rtlsdr.BinaryRunnerService']
com.evenement.encapsulation_3.apk,"['android.permission.ACCESS_NETWORK_STATE', 'android.permission.INTERNET']",['com.evenement.eveControl.MainActivity'],[]
org.segin.bfinterpreter_9.apk,[],['org.segin.bfinterpreter.BFInterpreter'],[]
com.afollestad.nocknock_30.apk,"['android.permission.RECEIVE_BOOT_COMPLETED', 'android.permission.ACCESS_NETWORK_STATE', 'android.permission.INTERNET']","['com.afollestad.nocknock.ui.main.MainActivity', 'com.afollestad.nocknock.ui.addsite.AddSiteActivity', 'com.afollestad.nocknock.ui.viewsite.ViewSiteActivity']",['com.afollestad.nocknock.engine.validation.ValidationJob']
nl.patrickkostjens.kandroid_20.apk,"['android.permission.WRITE_EXTERNAL_STORAGE', 'android.permission.READ_EXTERNAL_STORAGE', 'android.permission.INTERNET']","['nl.patrickkostjens.kandroid.ui.MainActivity', 'nl.patrickkostjens.kandroid.ui.LoginActivity', 'nl.patrickkostjens.kandroid.ui.AboutActivity', 'nl.patrickkostjens.kandroid.ui.SettingsActivity', 'nl.patrickkostjens.kandroid.ui.TaskDetailActivity', 'nl.patrickkostjens.kandroid.ui.TaskEditActivity', 'org.acra.dialog.CrashReportDialog']","['nl.patrickkostjens.kandroid.DownloadIntentService', 'org.acra.sender.SenderService']"
com.tmendes.dadosd_4.apk,[],"['com.tmendes.dadosd.MainActivity', 'com.tmendes.dadosd.AboutUsActivity']",[]
org.gsmlg.semaphore_13.apk,['android.permission.INTERNET'],['org.gsmlg.semaphore.MainActivity'],[]
fr.librinfo.evecontrol2_20000.apk,"['android.permission.READ_PHONE_STATE', 'android.permission.MODIFY_AUDIO_SETTINGS', 'android.permission.RECORD_AUDIO', 'android.permission.ACCESS_NETWORK_STATE', 'android.permission.INTERNET', 'android.permission.WRITE_EXTERNAL_STORAGE']",['fr.librinfo.evecontrol2.MainActivity'],[]
org.piepmeyer.gauguin_9.apk,['org.piepmeyer.gauguin.DYNAMIC_RECEIVER_NOT_EXPORTED_PERMISSION'],"['org.piepmeyer.gauguin.ui.main.MainActivity', 'org.piepmeyer.gauguin.ui.newgame.NewGameActivity', 'org.piepmeyer.gauguin.ui.LoadGameListActivity', 'org.piepmeyer.gauguin.ui.StatsActivity', 'org.piepmeyer.gauguin.ui.SettingsActivity']",[]
com.sunilpaulmathew.translator_18.apk,"['android.permission.WRITE_EXTERNAL_STORAGE', 'android.permission.READ_PHONE_STATE', 'android.permission.READ_EXTERNAL_STORAGE', 'android.permission.INTERNET']","['com.sunilpaulmathew.translator.MainActivity', 'com.sunilpaulmathew.translator.activities.AboutActivity', 'com.sunilpaulmathew.translator.activities.FindReplaceActivity', 'com.sunilpaulmathew.translator.activities.SettingsActivity', 'com.sunilpaulmathew.translator.activities.StringViewActivity', 'in.sunilpaulmathew.sCommon.Activities.sCrashReporterActivity', 'in.sunilpaulmathew.sCommon.Activities.sCreditsActivity']",[]
org.getdisconnected.libreipsum_104.apk,[],['org.getdisconnected.libreipsum.MainActivity'],[]
site.leos.apps.lespas_95.apk,"['site.leos.apps.lespas.DYNAMIC_RECEIVER_NOT_EXPORTED_PERMISSION', 'android.permission.WRITE_SETTINGS', 'android.permission.POST_NOTIFICATIONS', 'android.permission.WRITE_EXTERNAL_STORAGE', 'android.permission.WRITE_SYNC_SETTINGS', 'android.permission.READ_MEDIA_IMAGES', 'android.permission.READ_SYNC_STATS', 'android.permission.MANAGE_MEDIA', 'android.permission.WAKE_LOCK', 'android.permission.RECEIVE_BOOT_COMPLETED', 'android.permission.READ_MEDIA_VIDEO', 'android.permission.READ_MEDIA_AUDIO', 'android.permission.ACCESS_NETWORK_STATE', 'android.permission.INTERNET', 'android.permission.ACCESS_MEDIA_LOCATION', 'android.permission.READ_SYNC_SETTINGS', 'android.permission.USE_FINGERPRINT', 'android.permission.USE_BIOMETRIC', 'android.permission.READ_EXTERNAL_STORAGE', 'android.permission.FOREGROUND_SERVICE']","['site.leos.apps.lespas.MainActivity', 'site.leos.apps.lespas.sync.ShareReceiverActivity', 'site.leos.apps.lespas.muzei.LesPasArtProviderSettingActivity']","['site.leos.apps.lespas.auth.NCAuthenticatorService', 'site.leos.apps.lespas.sync.SyncService', 'androidx.work.impl.background.systemalarm.SystemAlarmService', 'androidx.work.impl.background.systemjob.SystemJobService', 'androidx.work.impl.foreground.SystemForegroundService', 'androidx.room.MultiInstanceInvalidationService']"
me.shrimadhavuk.numselapp_1.apk,[],['me.shrimadhavuk.numselapp.MainActivity'],[]
com.bec3.mobilite_10310.apk,"['android.permission.SEND_SMS', 'android.permission.NFC', 'android.permission.READ_PHONE_STATE', 'android.permission.ACCESS_FINE_LOCATION', 'android.permission.VIBRATE', 'android.permission.ACCESS_COARSE_LOCATION', 'android.permission.INTERNET']",['com.bec3.mobilite.MainActivity'],[]
com.android.adbkeyboard_2.apk,[],[],['com.android.adbkeyboard.AdbIME']
de.storchp.fdroidbuildstatus_55.apk,"['android.permission.WAKE_LOCK', 'android.permission.RECEIVE_BOOT_COMPLETED', 'android.permission.ACCESS_NETWORK_STATE', 'android.permission.INTERNET', 'de.storchp.fdroidbuildstatus.DYNAMIC_RECEIVER_NOT_EXPORTED_PERMISSION', 'android.permission.POST_NOTIFICATIONS', 'android.permission.FOREGROUND_SERVICE']","['de.storchp.fdroidbuildstatus.SettingsActivity', 'de.storchp.fdroidbuildstatus.MainActivity', 'de.storchp.fdroidbuildstatus.DetailActivity', 'de.storchp.fdroidbuildstatus.BuildlogActivity', 'de.storchp.fdroidbuildstatus.ShowErrorActivity']","['de.storchp.fdroidbuildstatus.monitor.MonitorJobService', 'androidx.work.impl.background.systemalarm.SystemAlarmService', 'androidx.work.impl.background.systemjob.SystemJobService', 'androidx.work.impl.foreground.SystemForegroundService', 'androidx.room.MultiInstanceInvalidationService']"
io.github.lonamiwebs.stringlate_1007.apk,"['android.permission.WRITE_EXTERNAL_STORAGE', 'android.permission.ACCESS_NETWORK_STATE', 'android.permission.READ_EXTERNAL_STORAGE', 'android.permission.INTERNET']","['io.github.lonamiwebs.stringlate.activities.repositories.RepositoriesActivity', 'io.github.lonamiwebs.stringlate.activities.DiscoverActivity', 'io.github.lonamiwebs.stringlate.activities.translate.TranslateActivity', 'io.github.lonamiwebs.stringlate.activities.export.CreateGistActivity', 'io.github.lonamiwebs.stringlate.activities.info.BrowserActivity', 'io.github.lonamiwebs.stringlate.activities.translate.SearchStringActivity', 'io.github.lonamiwebs.stringlate.activities.SettingsActivity', 'io.github.lonamiwebs.stringlate.activities.export.CreateIssueActivity', 'io.github.lonamiwebs.stringlate.activities.export.CreatePullRequestActivity', 'io.github.lonamiwebs.stringlate.activities.export.CreateUrlActivity', 'io.github.lonamiwebs.stringlate.activities.translate.PeekTranslationsActivity']",[]
com.nomadlabs.labcoat.deeplinks_1.apk,[],"['com.nomadlabs.labcoat.deeplinks.AboutActivity', 'com.nomadlabs.labcoat.deeplinks.DeepLink']",[]
com.termux.window_15.apk,"['android.permission.VIBRATE', 'android.permission.SYSTEM_ALERT_WINDOW']","['com.termux.window.TermuxFloatActivity', 'com.termux.window.TermuxFloatPermissionActivity']",['com.termux.window.TermuxFloatService']
com.activitymanager_545.apk,"['android.permission.QUERY_ALL_PACKAGES', 'com.android.launcher.permission.INSTALL_SHORTCUT']","['com.sdex.activityrunner.MainActivity', 'com.sdex.activityrunner.intent.IntentBuilderActivity', 'com.sdex.activityrunner.intent.analyzer.IntentAnalyzerActivity', 'com.sdex.activityrunner.intent.history.HistoryActivity', 'com.sdex.activityrunner.manifest.ManifestViewerActivity', 'com.sdex.activityrunner.app.ActivitiesListActivity', 'com.sdex.activityrunner.shortcut.AddShortcutDialogActivity', 'com.sdex.activityrunner.shortcut.ShortcutHandlerActivity', 'com.sdex.activityrunner.about.AboutActivity', 'com.sdex.activityrunner.preferences.SettingsActivity']",['androidx.room.MultiInstanceInvalidationService']
io.kubenav.kubenav_89.apk,"['android.permission.USE_FINGERPRINT', 'android.permission.USE_BIOMETRIC', 'android.permission.ACCESS_NETWORK_STATE', 'android.permission.READ_EXTERNAL_STORAGE', 'android.permission.INTERNET', 'io.kubenav.kubenav.DYNAMIC_RECEIVER_NOT_EXPORTED_PERMISSION', 'android.permission.WRITE_EXTERNAL_STORAGE']","['io.kubenav.kubenav.MainActivity', 'io.flutter.plugins.urllauncher.WebViewActivity']",[]
com.termux.api_51.apk,"['android.permission.SEND_SMS', 'android.permission.ACCESS_FINE_LOCATION', 'android.permission.WRITE_SETTINGS', 'android.permission.RECORD_AUDIO', 'android.permission.READ_CONTACTS', 'android.permission.READ_SMS', 'android.permission.REQUEST_DELETE_PACKAGES', 'android.permission.NFC', 'android.permission.READ_PHONE_STATE', 'android.permission.SET_WALLPAPER', 'android.permission.VIBRATE', 'android.permission.READ_CALL_LOG', 'android.permission.CAMERA', 'android.permission.RECEIVE_BOOT_COMPLETED', 'android.permission.CHANGE_WIFI_STATE', 'android.permission.ACCESS_WIFI_STATE', 'android.permission.ACCESS_COARSE_LOCATION', 'android.permission.ACCESS_NETWORK_STATE', 'android.permission.REQUEST_INSTALL_PACKAGES', 'android.permission.CALL_PHONE', 'android.permission.USE_FINGERPRINT', 'android.permission.TRANSMIT_IR', 'android.permission.USE_BIOMETRIC', 'android.permission.BODY_SENSORS']","['com.termux.api.DialogActivity', 'com.termux.api.NfcActivity', 'com.termux.api.FingerprintAPI$FingerprintActivity', 'com.termux.api.util.TermuxApiPermissionActivity', 'com.termux.api.StorageGetAPI$StorageActivity']","['com.termux.api.SpeechToTextAPI$SpeechToTextService', 'com.termux.api.TextToSpeechAPI$TextToSpeechService', 'com.termux.api.SensorAPI$SensorReaderService', 'com.termux.api.MediaPlayerAPI$PlayerService', 'com.termux.api.MicRecorderAPI$MicRecorderService', 'com.termux.api.WallpaperAPI$WallpaperService', 'com.termux.api.NotificationService', 'com.termux.api.SchedulerJobService', 'com.termux.api.KeepAliveService']"
com.termux.tasker_6.apk,['android.permission.VIBRATE'],"['com.termux.tasker.activities.TermuxTaskerActivity', 'com.termux.tasker.EditConfigurationActivity', 'com.termux.shared.activities.TextIOActivity']",['com.termux.tasker.PluginResultsService']
com.garyodernichts.downgrader_2.apk,['android.permission.READ_EXTERNAL_STORAGE'],"['com.garyodernichts.downgrader.MainActivity', 'pub.devrel.easypermissions.AppSettingsDialogHolderActivity']",[]
org.segin.ttleditor_19.apk,"['android.permission.ACCESS_SUPERUSER', 'android.permission.RECEIVE_BOOT_COMPLETED', 'android.permission.ACCESS_NETWORK_STATE', 'android.permission.INTERNET']","['org.segin.ttleditor.TTLEditor', 'org.segin.ttleditor.SettingsActivity']",['org.segin.ttleditor.BootService']
cl.coders.faketraveler_9.apk,"['android.permission.ACCESS_FINE_LOCATION', 'android.permission.ACCESS_MOCK_LOCATION', 'android.permission.ACCESS_COARSE_LOCATION', 'android.permission.INTERNET']","['cl.coders.faketraveler.MainActivity', 'cl.coders.faketraveler.MoreActivity']",[]
de.grobox.appbundlereporter_2.apk,['android.permission.QUERY_ALL_PACKAGES'],['de.grobox.appbundlereporter.MainActivity'],[]
nl.tsmeets.todotree_5.apk,[],['nl.tsmeets.todotree.MainActivity'],[]
org.kde.necessitas.ministro_14.apk,"['android.permission.ACCESS_NETWORK_STATE', 'android.permission.INTERNET']","['org.kde.necessitas.ministro..MinistroActivity', 'org.kde.necessitas.ministro.MinistroConfigActivity']",['org.kde.necessitas.ministro.MinistroService']
com.wrmndfzzy.atomize_1.apk,"['android.permission.WRITE_EXTERNAL_STORAGE', 'android.permission.READ_EXTERNAL_STORAGE']","['com.wrmndfzzy.atomize.MainActivity', 'com.wrmndfzzy.atomize.AboutActivity', 'com.wrmndfzzy.atomize.LicenseActivity', 'com.wrmndfzzy.atomize.intro.IntroActivity']",[]
tech.platypush.platypush_1000100.apk,['android.permission.INTERNET'],['tech.platypush.platypush.MainActivity'],[]
com.example.booklistingapk_2.apk,"['android.permission.ACCESS_NETWORK_STATE', 'android.permission.INTERNET']",['com.example.booklistingapk.MainActivity'],[]
de.k3b.android.contentproviderhelper_5.apk,"['android.permission.READ_LOGS', 'android.permission.READ_PHONE_STATE', 'android.permission.READ_PROFILE', 'android.permission.READ_SYNC_SETTINGS', 'android.permission.READ_SOCIAL_STREAM', 'android.permission.READ_CALENDAR', 'android.permission.MANAGE_DOCUMENTS', 'android.permission.READ_CALL_LOG', 'android.permission.READ_SYNC_STATS', 'android.permission.READ_EXTERNAL_STORAGE', 'android.permission.READ_CONTACTS', 'android.permission.READ_USER_DICTIONARY', 'android.permission.READ_SMS', 'com.android.browser.permission.READ_HISTORY_BOOKMARKS']","['com.jensdriller.contentproviderhelper.ui.activity.MainActivity', 'com.jensdriller.contentproviderhelper.ui.activity.ResultActivity', 'com.jensdriller.contentproviderhelper.ui.activity.PreferenceActivity']",[]
com.termux.boot_7.apk,"['android.permission.WAKE_LOCK', 'android.permission.RECEIVE_BOOT_COMPLETED']",['com.termux.boot.BootActivity'],['com.termux.boot.BootJobService']
click.dummer.UartSmartwatch_32.apk,"['android.permission.BLUETOOTH_ADMIN', 'android.permission.ACCESS_FINE_LOCATION', 'android.permission.BLUETOOTH']","['click.dummer.UartSmartwatch.MainActivity', 'click.dummer.UartSmartwatch.PreferencesActivity', 'click.dummer.UartSmartwatch.DeviceListActivity']","['click.dummer.UartSmartwatch.UartService', 'click.dummer.UartSmartwatch.NotificationService']"
io.github.pd4d10.gittouch_24.apk,['android.permission.INTERNET'],"['io.github.pd4d10.gittouch.MainActivity', 'io.flutter.plugins.urllauncher.WebViewActivity']",[]
wtf.technodisaster.tldr_10.apk,['android.permission.INTERNET'],"['wtf.technodisaster.tldr.MainActivity', 'io.flutter.plugins.urllauncher.WebViewActivity']",[]
com.rascarlo.aurdroid_21.apk,['android.permission.INTERNET'],['com.rascarlo.aurdroid.MainActivity'],[]
taco.scoop_34.apk,"['android.permission.RECEIVE_BOOT_COMPLETED', 'android.permission.READ_LOGS', 'android.permission.VIBRATE', 'android.permission.QUERY_ALL_PACKAGES', 'android.permission.FOREGROUND_SERVICE']","['taco.scoop.ui.activity.MainActivity', 'taco.scoop.ui.activity.DetailActivity', 'taco.scoop.ui.activity.SettingsActivity', 'taco.scoop.ui.activity.BlacklistAppsActivity', 'taco.scoop.ui.activity.AboutActivity']","['taco.scoop.core.service.indicator.IndicatorService', 'taco.scoop.core.service.detector.CrashDetectorService']"
org.ligi.blexplorer_12.apk,"['android.permission.BLUETOOTH_ADMIN', 'android.permission.BLUETOOTH']","['org.ligi.blexplorer.HelpActivity', 'org.ligi.blexplorer.services.DeviceServiceExploreActivity', 'org.ligi.blexplorer.characteristics.CharacteristicActivity', 'org.ligi.blexplorer.scan.DeviceListActivity']",[]
com.termux.styling_31.apk,[],['com.termux.styling.TermuxStyleActivity'],[]
eu.dfdx.jslab_1.apk,['android.permission.INTERNET'],['eu.dfdx.jslab.MainActivity'],[]
community.peers.license_1.apk,['android.permission.INTERNET'],"['community.peers.license.activity.MainActivity', 'community.peers.license.activity.LicenseActivity', 'community.peers.license.activity.AboutActivity']",[]
com.termux_118.apk,"['android.permission.WAKE_LOCK', 'android.permission.REQUEST_IGNORE_BATTERY_OPTIMIZATIONS', 'android.permission.READ_LOGS', 'android.permission.SYSTEM_ALERT_WINDOW', 'android.permission.DUMP', 'android.permission.WRITE_SECURE_SETTINGS', 'android.permission.VIBRATE', 'android.permission.ACCESS_NETWORK_STATE', 'android.permission.INTERNET', 'android.permission.PACKAGE_USAGE_STATS', 'android.permission.REQUEST_INSTALL_PACKAGES', 'android.permission.WRITE_EXTERNAL_STORAGE', 'android.permission.FOREGROUND_SERVICE']","['com.termux.app.TermuxActivity', 'com.termux.app.activities.HelpActivity', 'com.termux.app.activities.SettingsActivity', 'com.termux.shared.activities.ReportActivity', 'com.termux.filepicker.TermuxFileReceiverActivity']","['com.termux.app.TermuxService', 'com.termux.app.RunCommandService']"
com.nathaniel.motus.umlclasseditor_2.apk,"['android.permission.WRITE_EXTERNAL_STORAGE', 'android.permission.READ_EXTERNAL_STORAGE']",['com.nathaniel.motus.umlclasseditor.controller.MainActivity'],[]
com.lindevhard.android.raspfinder_3.apk,"['android.permission.ACCESS_FINE_LOCATION', 'android.permission.CHANGE_WIFI_STATE', 'android.permission.ACCESS_WIFI_STATE', 'android.permission.ACCESS_COARSE_LOCATION', 'android.permission.ACCESS_NETWORK_STATE', 'android.permission.INTERNET']",['com.lindevhard.android.raspfinder.FullscreenActivity'],[]
com.vsmartcard.acardemulator_8.apk,"['com.samsung.accessory.permission.ACCESSORY_FRAMEWORK', 'android.permission.NFC', 'android.permission.BLUETOOTH_ADMIN', 'com.samsung.WATCH_APP_TYPE.Companion', 'com.samsung.wmanager.ENABLE_NOTIFICATION', 'com.samsung.android.providers.context.permission.WRITE_USE_APP_FEATURE_SURVEY', 'android.permission.CAMERA', 'android.permission.INTERNET', 'android.permission.BLUETOOTH']","['com.vsmartcard.acardemulator.MainActivity', 'com.vsmartcard.acardemulator.SettingsActivity', 'com.journeyapps.barcodescanner.CaptureActivity']","['com.vsmartcard.acardemulator.EmulatorHostApduService', 'com.vsmartcard.acardemulator.SmartcardProviderService']"
com.mattmaniak.queueToDo_6.apk,[],"['com.mattmaniak.queueToDo.MainActivity', 'io.flutter.plugins.urllauncher.WebViewActivity']",[]
org.gittner.osmbugs_46.apk,"['android.permission.ACCESS_FINE_LOCATION', 'android.permission.ACCESS_NETWORK_STATE', 'android.permission.INTERNET']","['org.gittner.osmbugs.ui.MainActivity', 'org.gittner.osmbugs.osmnotes.OsmNotesLoginActivity', 'com.karumi.dexter.DexterActivity']",['androidx.room.MultiInstanceInvalidationService']
eu.roggstar.getmitokens_5.apk,[],"['eu.roggstar.getmitokens.MainActivity', 'eu.roggstar.getmitokens.VersionActivity']",[]
de.mw136.tonuino_26.apk,"['android.permission.NFC', 'android.permission.CAMERA']","['de.mw136.tonuino.ui.EnterTagActivity', 'de.mw136.tonuino.ui.BulkWriteActivity', 'de.mw136.tonuino.ui.QRCodeScannerActivity', 'de.mw136.tonuino.ui.MainActivity', 'de.mw136.tonuino.ui.ReadActivity']",[]
com.fredhappyface.fhcode_20230820.apk,['com.fredhappyface.fhcode.DYNAMIC_RECEIVER_NOT_EXPORTED_PERMISSION'],"['com.fredhappyface.fhcode.ActivityAbout', 'com.fredhappyface.fhcode.ActivitySettings', 'com.fredhappyface.fhcode.ActivityMain', 'com.fredhappyface.fhcode.ActivityThemable']",[]
com.kpstv.xclipper_11.apk,"['android.permission.WAKE_LOCK', 'android.permission.RECEIVE_BOOT_COMPLETED', 'android.permission.SYSTEM_ALERT_WINDOW', 'android.permission.VIBRATE', 'android.permission.ACCESS_NETWORK_STATE', 'android.permission.INTERNET', 'android.permission.FOREGROUND_SERVICE']","['com.kpstv.xclipper.ui.activities.Crash', 'com.kpstv.xclipper.ui.activities.Start', 'com.kpstv.xclipper.ui.dialogs.TagDialog', 'com.kpstv.xclipper.ui.activities.SpecialActions', 'com.kpstv.xclipper.ui.dialogs.EditDialog', 'com.kpstv.xclipper.service.ChangeClipboardActivity', 'com.kpstv.xclipper.ui.dialogs.FeatureDialog$DialogActivity', 'com.journeyapps.barcodescanner.CaptureActivity', 'com.kpstv.xclipper.service.TextSelectionActivity', 'com.kpstv.cwt.ui.Web']","['com.kpstv.xclipper.service.ClipboardAccessibilityService', 'com.kpstv.xclipper.service.TileService', 'com.kpstv.xclipper.service.BubbleService', 'androidx.work.impl.background.systemalarm.SystemAlarmService', 'androidx.work.impl.background.systemjob.SystemJobService', 'androidx.work.impl.foreground.SystemForegroundService', 'androidx.room.MultiInstanceInvalidationService']"
com.team242.robozzle_61.apk,"['android.permission.ACCESS_NETWORK_STATE', 'android.permission.INTERNET']","['com.team242.robozzle.UnsolvedPuzzles', 'com.team242.robozzle.Solver', 'com.team242.robozzle.PuzzleDetails', 'com.team242.robozzle.RoboZZleSettings', 'com.team242.robozzle.Achievements', 'com.team242.robozzle.AboutActivity']",[]
fr.xgouchet.packageexplorer_19.apk,"['android.permission.QUERY_ALL_PACKAGES', 'android.permission.READ_EXTERNAL_STORAGE', 'android.permission.REQUEST_DELETE_PACKAGES']","['fr.xgouchet.packageexplorer.applist.AppListActivity', 'fr.xgouchet.packageexplorer.applist.CertificateAppListActivity', 'fr.xgouchet.packageexplorer.details.app.AppDetailsActivity', 'fr.xgouchet.packageexplorer.details.apk.ApkDetailsActivity', 'fr.xgouchet.packageexplorer.about.AboutActivity', 'fr.xgouchet.packageexplorer.oss.OSSActivity']",[]
com.maxistar.textpad_42.apk,"['android.permission.WRITE_EXTERNAL_STORAGE', 'android.permission.READ_EXTERNAL_STORAGE']","['com.maxistar.textpad.activities.EditorActivity', 'com.maxistar.textpad.FileDialog', 'com.maxistar.textpad.activities.SettingsActivity']",[]
jackpal.androidterm_72.apk,"['android.permission.WAKE_LOCK', 'android.permission.ACCESS_SUPERUSER', 'android.permission.READ_EXTERNAL_STORAGE', 'android.permission.INTERNET', 'android.permission.WRITE_EXTERNAL_STORAGE']","['jackpal.androidterm.Term', 'jackpal.androidterm.RemoteInterface', 'jackpal.androidterm.RunScript', 'jackpal.androidterm.RunShortcut', 'jackpal.androidterm.TermPreferences', 'jackpal.androidterm.WindowList', 'jackpal.androidterm.shortcuts.AddShortcut', 'jackpal.androidterm.shortcuts.FSNavigator']",['jackpal.androidterm.TermService']
de.k3b.android.intentintercept_405.apk,['android.permission.QUERY_ALL_PACKAGES'],"['uk.co.ashtonbrsc.intentexplode.Explode', 'uk.co.ashtonbrsc.intentexplode.StartupActivity']",[]
io.github.easyintent.quickref_7.apk,[],"['io.github.easyintent.quickref.MainActivityEx', 'io.github.easyintent.quickref.QuickRefActivityEx']",[]
io.itch.pirate_solitaire_1.apk,[],"['com.godot.game.GodotApp', 'org.godotengine.godot.utils.ProcessPhoenix']",['org.godotengine.godot.GodotDownloaderService']
com.trianguloy.isUserAMonkey_1.apk,[],['com.trianguloy.isUserAMonkey.MainActivity'],[]
